模型,MAE,R²,CV R²
Random Forest,0.022005079365079352,0.3224378765667343,0.44349584376668716
XGBoost,0.022928957741648427,0.24051848516880947,0.2968644062170685
