模型,MAE,R²,CV R²
Random Forest,0.02200507936507935,0.3224378765667344,0.44349584376668716
XGBoost,0.022928957741648427,0.24051848516880947,0.2968644062170685
